{
	"items": [{
			"code": "001",
			"name": "Pan Cake",
			"unit": "Pcs",
			"price": "50.00"
		},
		{
			"code": "002",
			"name": "Chicken Pattise",
			"unit": "Pcs",
			"price": "30.00"
		},
		{
			"code": "002",
			"name": "Veg Burger",
			"unit": "Pcs",
			"price": "40.00"
		},
		{
			"code": "003",
			"name": "Mutton Burger",
			"unit": "Pcs",
			"price": "70.00"
		},
		{
			"code": "004",
			"name": "Chicken Burger",
			"unit": "Pcs",
			"price": "65.00"
		},
		{
			"code": "005",
			"name": "Veg Sandwitch",
			"unit": "Pcs",
			"price": "30.00"
		},
		{
			"code": "006",
			"name": "Chicken Sandwitch",
			"unit": "Pcs",
			"price": "45.00"
		},
		{
			"code": "007",
			"name": "Swiss Roll",
			"unit": "Pcs",
			"price": "20.00"
		},
		{
			"code": "008",
			"name": "Chocolate Cookie",
			"unit": "Case",
			"price": "100.00"
		},
		{
			"code": "009",
			"name": "Chocolate Pastry",
			"unit": "Pcs",
			"price": "40.00"
		},
		{
			"code": "010",
			"name": "Hamburger",
			"unit": "Pcs",
			"price": "100.00"
		},
		{
			"code": "011",
			"name": "Pizza",
			"unit": "Pcs",
			"price": "90.00"
		},
		{
			"code": "012",
			"name": "Mutton Kebab",
			"unit": "Pcs",
			"price": "130.00"
		},
		{
			"code": "013",
			"name": "Chicken Tandoori",
			"unit": "Pcs",
			"price": "55.00"
		},
		{
			"code": "014",
			"name": "Mutton Biriyani",
			"unit": "Pcs",
			"price": "150.00"
		},
		{
			"code": "015",
			"name": "Chocolate Bun",
			"unit": "Case",
			"price": "150.00"
		},
		{
			"code": "016",
			"name": "Choco Pie",
			"unit": "Case",
			"price": "160.00"
		}
	]
}